,ARIMA,LSTM,Ensemble
MAE,14976.09,14952.9,14915.491914394113
RMSE,20884.65,20696.56,20722.18103481714
MAPE,21.99,23.05,22.442407074914602
R2,-0.0305,-0.012,-0.014488786446079649
