,ARIMA,LSTM,Ensemble
MAE,18977.85,33349.96,24137.956555460467
RMSE,23437.27,47189.72,31012.52972380955
MAPE,35.15,113.45,72.11634320905868
R2,0.6462,-0.4343,0.38053236748116326
