,ARIMA,LSTM,Ensemble
MAE,13674.05,20476.31,16129.190565885756
RMSE,16052.51,28259.1,19828.88207823014
MAPE,25.9,55.76,39.457915985092974
R2,0.5368,-0.4354,0.293261890371746
