,ARIMA,LSTM,Ensemble
MAE,45586.44,41026.41,41871.28639768931
RMSE,66340.99,54672.83,58531.84168922424
MAPE,20.27,21.4,19.97054088382047
R2,-0.4688,0.0024,-0.1433822547476904
