,ARIMA,LSTM,Ensemble
MAE,8719.09,8458.86,8524.411244742008
RMSE,12458.54,12912.77,12641.155066892941
MAPE,16.14,14.91,15.393962901349697
R2,-0.0206,-0.0964,-0.050717091945359005
